0,-393.28417219298666,-393.28417219298666
1,-148.74209929289069,-271.01313574293869
2,-159.46186404150467,-233.82937850912734
3,-384.39896739633031,-271.47177573092807
4,-167.09909821772322,-250.59724022828709
5,-407.0051148794841,-276.66521933681992
6,-242.9276315386642,-271.8455639370834
7,-132.62208528765848,-254.44262910590533
8,-355.42310033296206,-265.66268146446714
9,-164.59683478800315,-255.55609679682075
10,-147.32856152770057,-245.71722995417346
11,-267.78727691824622,-247.55640053451285
12,-256.40925845195761,-248.23738960508553
13,-163.47097000714791,-242.18264534809001
14,-219.8045715127854,-240.69077375906969
15,-168.17838118241667,-236.15874922302885
16,-153.79975061555444,-231.31410224611858
17,-258.15248331767822,-232.80512341676078
18,-302.32498609057188,-236.46406355748766
19,-157.65794509354026,-232.52375763429032
20,-306.3047614259566,-236.03713876722682
21,-223.88551840696516,-235.48479238721492
22,-116.27811383623073,-230.30189331978082
23,-265.03135442597932,-231.74895419920577
24,-154.20913365161351,-228.64736137730208
25,-141.7745495320998,-225.30609938325583
26,-106.56234759450469,-220.90818265033911
27,-321.15469215995392,-224.48841513282537
28,-274.26907082192588,-226.20498946693229
29,-138.61620731475122,-223.28536339519295
30,-173.73834883345762,-221.68707260287891
31,-370.19235294119022,-226.32786261345112
32,-230.29766256873805,-226.44815958179313
33,-112.40197617965597,-223.09386006996559
34,-188.38191343663465,-222.10209016615613
35,-378.20368529566406,-226.43824558642027
36,-445.0137801030196,-232.34569246524728
37,-141.57124033989183,-229.95689109352742
38,-452.32232012514129,-235.65856876100472
39,-222.58828414052604,-235.33181164549268
40,-84.861702128097903,-231.66180897433671
41,-262.01788420511497,-232.38457267030762
42,-271.07761537750366,-233.28441087280055
43,-228.99346978447068,-233.18688948442943
44,-108.0230893009721,-230.40547170257483
45,-243.66939069316055,-230.69381776758757
46,-238.6992814136425,-230.86414678133343
47,-165.08071907274842,-229.49365870407121
48,-140.28671867264774,-227.67310890751153
49,-149.73457454236129,-226.11433822020851
50,-141.67716393290371,-224.45870735182999
51,-142.98716469542501,-222.89194691612991
52,-110.07533170410088,-220.76333153477088
53,-299.74939894358045,-222.22603648678589
54,-288.61129403739994,-223.43304116952433
55,-390.99669321214253,-226.42524924171389
56,-128.51488042405904,-224.70752347298313
57,-197.98270793219348,-224.24675079124538
58,-184.78764006893306,-223.5779523044265
59,-325.11005524359302,-225.27015402007927
60,-208.3462304793222,-224.99271265055867
61,-377.60433003044449,-227.45419035023426
62,-250.32531116968556,-227.81722401403508
63,-172.25628487965784,-226.94908434006044
64,-23.101979137098567,-223.81297502924562
65,-428.02366230686675,-226.90707635163383
66,-89.237802730746111,-224.85231107371013
67,-403.72550961044738,-227.48279928748568
68,-127.16675421755636,-226.02894356183452
69,-185.93920129477738,-225.45623295801943
70,-162.49559206461123,-224.56946336797142
71,-81.600330500463414,-222.58378096703385
72,-165.36531478724748,-221.79996636183131
73,-182.13512874841314,-221.26395504273106
74,-118.31142651776787,-219.89125466239824
75,-260.39911658050687,-220.42425284553121
76,-166.10232349779088,-219.7187732436125
77,-157.79125859263723,-218.9248307480872
78,-117.76633948895341,-217.64434351695894
79,-227.79847284714202,-217.77127013358617
80,-108.38974719913004,-216.42088096155584
81,-268.68678496888703,-217.05827003481596
82,-267.48877158361472,-217.66586643901837
83,-162.81620503092972,-217.01289427939827
84,-313.84025679623949,-218.15203972077288
85,-178.12028800431943,-217.68655423569786
86,-241.38686350786605,-217.95897158365381
87,-189.24808770578082,-217.63271153958706
88,-185.20526115010051,-217.26835816442431
89,-191.42122937764913,-216.98116784457127
90,-189.3248055270542,-216.67725177514799
91,-168.97671156797975,-216.15876764246138
92,-379.19318572283305,-217.9118259013901
93,-122.12680882171264,-216.89283635798927
94,-151.19320874079051,-216.20126133043982
95,-205.08259264452991,-216.08544186496158
96,-306.68539913732116,-217.01946204302715
97,-86.826211073758799,-215.69095948211626
98,-219.48554836155964,-215.7292886627167
99,-189.4525347880716,-215.46652112397024
100,-117.38182014674122,-212.70749760350776
101,-212.50609128291438,-213.345137523408
102,-271.75750028104142,-214.46809388580334
103,-164.79235091484247,-212.27202772098849
104,-371.95617564055328,-214.32059849521681
105,-245.03628490717958,-212.70091019549372
106,-268.58053161401523,-212.95743919624726
107,-142.38098026044781,-213.05502814597511
108,-244.70225657607017,-211.94781970840623
109,-159.57060918747274,-211.89755745240095
110,-222.79634878547702,-212.65223532497873
111,-68.057871140421653,-210.65494126720046
112,-160.62031277290114,-209.69705181040993
113,-154.804007985586,-209.61038219019426
114,-104.565799257935,-208.45799446764579
115,-79.126832367812952,-207.56747897949975
116,-199.43465026692155,-208.02382797601339
117,-120.53378720778643,-206.64764101491451
118,-110.19488679738762,-204.72634002198265
119,-213.32024139683986,-205.28296298501564
120,-130.48852712120345,-203.52480064196811
121,-114.74935756643548,-202.43343903356279
122,-146.54498205942517,-202.73610771579476
123,-148.54494562753757,-201.57124362781033
124,-121.70760364796182,-201.24622832777382
125,-266.34900710576858,-202.49197290351051
126,-266.68158335194084,-204.09316526108483
127,-63.93990311792767,-201.52101737066459
128,-116.2747534526609,-199.94107419697193
129,-400.11566993762665,-202.55606882320066
130,-251.84199805998989,-203.337105315466
131,-363.54514638123538,-203.27063324986648
132,-210.89716641301521,-203.07662828830922
133,-242.62022159915958,-204.37881074250424
134,-153.48986237054567,-204.02989023184338
135,-220.84997536717594,-202.45635313255846
136,-80.007272464455951,-198.8062880561728
137,-184.23888873451011,-199.23296454011907
138,-145.02110104685755,-196.15995234933624
139,-121.26636356005125,-195.14673314353152
140,-157.63740263509686,-195.87449014860147
141,-163.77872616781696,-194.8920985682285
142,-103.25777389918727,-193.21390015344528
143,-119.03230879893492,-192.11428854358996
144,-133.94394008095833,-192.37349705138979
145,-173.23785901454414,-191.66918173460365
146,-159.1784180739526,-190.87397310120676
147,-334.39940053848238,-192.5671599158641
148,-219.15632326196493,-193.3558559617573
149,-360.66679734711136,-195.46517818980479
150,-437.7377371910149,-198.4257839223859
151,-162.1547638221719,-198.61745991365336
152,-127.84386015283829,-198.79514519814074
153,-162.71272510382047,-197.42477845974315
154,-139.30710078358868,-195.93173652720503
155,-59.037685986502133,-192.61214645494866
156,-132.47806343911626,-192.6517782850992
157,-192.22680198479944,-192.59421922562527
158,-157.69502492187178,-192.32329307415461
159,-261.33999665618046,-191.68559248828049
160,-218.21056032293023,-191.78423578671661
161,-112.66117374143352,-189.13480422382651
162,-219.98252346450118,-188.83137634677462
163,-122.04210481329264,-188.32923454611097
164,-113.43432615275104,-189.23255801626749
165,-190.51939034982558,-186.85751529669704
166,-177.08611286786083,-187.73599839806823
167,-202.21488427480051,-185.7208921447118
168,-128.45243347892387,-185.73374893732543
169,-25.331178197612061,-184.1276687063538
170,-127.18343215027048,-183.7745471072104
171,-99.437838511490952,-183.95292218732067
172,-196.48447181211074,-184.26411375756928
173,-301.41614206237523,-185.45692389070894
174,-179.86819860077378,-186.07249161153894
175,-142.22336327842575,-184.89073407851811
176,-120.72186731060441,-184.4369295166463
177,-181.74432031800694,-184.67646013389995
178,-165.06718347519481,-185.14946857376242
179,-224.9300395888551,-185.12078424117956
180,-122.48287151645968,-185.26171548435286
181,-171.26419625470078,-184.28748959721099
182,-166.42381668564869,-183.27684004823135
183,-180.4087554798088,-183.45276555272011
184,-161.57877606513836,-181.93015074540912
185,-186.50997947996808,-182.0140476601656
186,-148.5423994428777,-181.08560301951573
187,-184.1241703603902,-181.03436384606184
188,-183.97968811521028,-181.02210811571291
189,-171.97322138751565,-180.82762803581153
190,-245.1778734141578,-181.38615871468261
191,-41.534849609124443,-180.11174009509404
192,-195.49719056312207,-178.27478014349691
193,-207.76180907473855,-179.13113014602717
194,-229.87263495469952,-179.91792440816624
195,-209.2131048928776,-179.95922953064976
196,-113.15684295537154,-178.02394396883025
197,-128.99067830623423,-178.44558864115498
198,-139.73829667793822,-177.64811612431876
199,-271.71051302542372,-178.47069590669224
200,-163.2184307892631,-178.92906201311752
201,-138.93699010745678,-178.19337100136298
202,-129.96029161211777,-176.77539891467376
203,-483.71515816976091,-179.96462698722291
204,-111.67968308770523,-177.36186206169444
205,-89.384340017338417,-175.80534261279604
206,-189.80795233674883,-175.01761682002336
207,-113.29758913060171,-174.72678290872491
208,-95.969325328954696,-173.23945359625372
209,-139.03503160792718,-173.03409782045827
210,-389.80962689159247,-174.70423060151944
211,-199.19298426756234,-176.01558173279085
212,-147.1032663814438,-175.88041126887632
213,-311.06710595562822,-177.44304224857672
214,-110.03776420640918,-177.49776189806144
215,-333.7459411117228,-180.04395298550054
216,-108.30743245714866,-179.13268080740281
217,-110.08465860264668,-179.02818952135138
218,-165.09933060457598,-179.5772339594233
219,-125.2117041226102,-178.69614858668098
220,-156.59279104274691,-178.95719122589639
221,-193.96613756505127,-179.74935902588254
222,-92.95529762289992,-179.21346218151731
223,-130.20910171317473,-179.03010374237365
224,-488.55640417341561,-182.6985917476282
225,-175.57549786875808,-181.7908566552581
226,-162.41206367425204,-180.74816145848123
227,-123.05267993955331,-181.33928922669745
228,-200.886439904837,-182.18540609121922
229,-151.42586269311846,-179.69850801877411
230,-152.73132110696758,-178.70740124924393
231,-134.5925232779868,-176.41787501821145
232,-143.23025930893084,-175.74120594717064
233,-55.953507839729234,-173.87453880957631
234,-161.21214593651447,-173.95176164523599
235,-118.63793459662224,-172.92964123753049
236,-120.46906942069506,-173.33425920709288
237,-104.42162072765029,-172.53608652702431
238,-149.38219866142509,-172.57969750316997
239,-134.26275302424443,-172.70966139781191
240,29.790244372242721,-170.83538492773852
241,-123.82341809667487,-170.43583184702709
242,-128.483683783152,-170.68809094586678
243,-135.18120186063732,-170.84957987648377
244,-102.90688105122989,-170.53920928618646
245,-156.05447720722174,-170.36737546811321
246,-414.27736413345042,-172.91836492870817
247,-104.42267996701904,-170.61859772299354
248,-230.09046385546168,-170.72793912892851
249,-126.31963088754034,-168.3844674643328
250,-205.87104574801737,-166.06580054990286
251,-247.80725722157973,-166.92232548389688
252,-362.70379315540134,-169.27092481392253
253,-128.09339285666297,-168.92473149145096
254,-128.09957903343764,-168.81265627394947
255,-279.58423418522602,-171.0181217559367
256,-111.86854936447607,-170.81202661519029
257,-122.76089439262137,-170.11736753926851
258,-144.25979777241849,-169.98301526777399
259,-149.73865820159327,-168.86700188322811
260,-98.471438046535269,-167.66961066046417
261,-195.0443979047586,-168.4934429020974
262,-139.26281058149178,-167.68624577326733
263,-309.59951539638729,-169.56181987909829
264,-87.326851103593427,-169.30074512860668
265,-155.04728931101215,-168.94602411821856
266,-129.19048750406617,-168.46706786458063
267,-19.909591249040346,-166.64401493432302
268,-96.929983476203176,-166.3287904342958
269,-149.72323948869612,-167.5727110472067
270,-146.12365226327643,-167.76211324833673
271,-388.27123481175369,-170.6504472113393
272,-179.89110090839119,-170.48451350230209
273,-59.394766181876882,-168.06429974349717
274,-131.34485034689112,-167.57906626095831
275,-92.79361666506739,-167.08476879482475
276,-198.74018594142683,-167.86495198113298
277,-336.3162858676817,-169.41067163662973
278,-143.41661572215779,-169.19416595909934
279,-118.35252460261506,-168.12839080923695
280,-136.2630611027968,-168.26619270510034
281,-99.034454452418828,-167.5438952870775
282,-133.27833938363307,-167.21244051405733
283,-186.81376142873881,-167.27649057354665
284,43.691861360973277,-165.22378419928552
285,-106.72944425734958,-164.42597884705935
286,-117.39421034139863,-164.11449695604458
287,-305.94465735640665,-165.33270182600475
288,-50.576984786568545,-163.9986747927183
289,-96.065800301603858,-163.23960058185921
290,-135.95868838919574,-162.14740873160957
291,-126.8591096918278,-163.0006513324366
292,-157.7835816655487,-162.62351524346087
293,-169.58328011361638,-162.24172995384964
294,-140.85172232667958,-161.35152082756946
295,-121.31652294707662,-160.47255500811144
296,-163.86688556414651,-160.9796554341992
297,-180.99811456512225,-161.49972979678807
298,-184.71155845083442,-161.94946241451703
299,-178.55775391691444,-161.01793482343194
300,-138.05261875764867,-160.76627670311581
301,-147.42381907014482,-160.85114499274269
302,-33.148817617401662,-159.88303025279552
303,-184.45164859888553,-156.8903951570868
304,-354.65093050585017,-159.32010763126823
305,-253.78901613137685,-160.9641543924086
306,-322.4579692827441,-162.29065456186854
307,-140.4759740183751,-162.5624384107463
308,-203.0209488520733,-163.63295464597746
309,-144.6128482187903,-163.6887328120861
310,-67.527524272900536,-160.46591178589918
311,-162.43489370965551,-160.09833088032011
312,-166.48025065473706,-160.29210072305301
313,-148.21473857594322,-158.66357704925619
314,-261.19975795565193,-160.1751969867486
315,-331.98946749260108,-160.15763225055741
316,-211.8941963837861,-161.19349988982378
317,-58.44721418307666,-160.67712544562809
318,-253.25198417957222,-161.55865198137806
319,-142.90576848653541,-161.73559262501732
320,-291.0776069819857,-163.08044078440969
321,13.140508469428617,-161.00937432406488
322,-174.41480533237268,-161.82396940115962
323,-38.110681379745401,-160.90298519782533
324,-180.59144971417282,-157.8233356532329
325,-348.05435334051856,-159.54812420795048
326,-43.737134088085128,-158.36137491208882
327,-248.48907729184597,-159.61573888561176
328,-166.51687980487421,-159.27204328461212
329,-178.11394466772379,-159.53892410435819
330,-105.10357896644514,-159.06264668295296
331,-139.35107891586495,-159.11023223933174
332,-170.7986110798345,-159.38591575704078
333,-114.51464884440487,-159.97152716708752
334,-56.642650454172845,-158.92583221226408
335,-199.87581614434774,-159.73821102774133
336,-201.17917490020938,-160.5453120825365
337,-272.81741243466462,-162.22926999960663
338,-151.59473438825046,-162.25139535687489
339,-162.09871021050688,-162.52975492873753
340,-184.22493984430744,-164.66990677090303
341,-111.0958998097218,-164.54263158803352
342,-121.32762566467707,-164.47107100684877
343,-222.7083184032256,-165.34634217227463
344,-161.10854352379459,-165.9283587970003
345,-55.589783868891779,-164.92371186361694
346,-91.866226278056459,-161.69960048506306
347,-27.497856134938772,-160.93035224674225
348,-166.28897211938602,-160.29233732938147
349,-97.463198542499029,-160.00377300593107
350,-149.82303930035721,-159.44329294145447
351,-228.86476011951825,-159.25386797043387
352,-154.79602501241226,-157.17479028900397
353,-57.451034577667457,-156.46836670621403
354,-57.223421214302689,-155.75960512802266
355,-267.17651923798837,-155.6355279785503
356,-73.812198990762738,-155.25496447481316
357,-163.53566319972936,-155.66271216288425
358,-196.06373016584396,-156.18075148681851
359,-204.98293491502113,-156.73319425395277
360,-119.59515245213336,-156.94443139800876
361,-98.558697326189417,-155.97957439222307
362,-276.56133378680204,-157.35255962427615
363,-139.00628141953217,-155.64662728450762
364,-149.94677523445375,-156.27282652581619
365,-276.49591375265913,-157.48731277023265
366,-85.761560169875594,-157.05302349689077
367,-247.06838248419552,-159.32461140924232
368,-164.72305037873218,-160.00254207826762
369,-169.27382052945069,-160.19804788867515
370,-173.63621018841778,-160.47317346792659
371,-76.891030495553863,-157.35937142476453
372,-129.23719099747038,-156.85283232565533
373,-111.70921951055304,-157.3759768589421
374,-170.36194365528954,-157.76614779202609
375,-114.66865245920036,-157.98489814996742
376,-74.683757162722415,-156.74433386218038
377,-152.61821685617309,-154.90735317206531
378,-72.025634567332759,-154.19344336051708
379,-179.4806527253599,-154.80472464174451
380,-126.36520474912751,-154.70574607820782
381,-217.06758089644575,-155.88607734264809
382,-177.40996373167201,-156.32739358612847
383,-249.92227554583428,-156.95847872729942
384,-154.19576870031926,-158.93735502791236
385,-172.20861671424899,-159.59214675248134
386,32.679352073507395,-158.09141112833228
387,-146.3315324485115,-156.49527987925333
388,-41.196426617350383,-156.40147429756118
389,-80.450222757998034,-156.2453185221251
390,-72.326638770419436,-155.60899802593735
391,-40.910500016397705,-154.74951192918303
392,-168.63250527258424,-154.8580011652534
393,-160.90091431922997,-154.77117750730952
394,-84.779077687437749,-154.21045106091711
395,-148.01630043614671,-154.47744883580782
396,-188.07846634331088,-154.71956464359945
397,-69.0123943606756,-153.59970744155498
398,-66.282990295421996,-152.41542176000087
399,-100.20570814549504,-151.63190130228665
400,-187.61429153870438,-152.12751803009721
401,-149.08335755298486,-152.14411341492564
402,-134.51149487508798,-153.1577401875025
403,-221.7241070492899,-153.53046477200652
404,-206.46866821662053,-152.04864214911424
405,-170.4256591299785,-151.21500857910024
406,-135.93876564234182,-149.34981654269623
407,-126.91048108444083,-149.21416161335688
408,-269.00903054867518,-149.8740424303229
409,-134.20859773288623,-149.76999992546385
410,-93.183823357428707,-150.02656291630913
411,-176.73516779267118,-150.16956565713932
412,-52.36514943475666,-149.02841464493949
413,-154.92507654645135,-149.09551802464458
414,-71.333080601256825,-147.19685125110061
415,-167.65290381630575,-145.55348561433766
416,-185.9205781957985,-145.29374943245782
417,-178.78857194818201,-146.49716301010886
418,-154.83708404253474,-145.51301400873848
419,-156.14485445992221,-145.64540486847235
420,-208.78030395080251,-144.8224318381605
421,-166.52489789052487,-146.61908590176003
422,-150.88501725335493,-146.38378802096989
423,-163.38171796596725,-147.63649838683207
424,-196.3399518115209,-147.79398340780557
425,-74.270287657599539,-145.05614275097639
426,-183.0051114800726,-146.44882252489623
427,-114.5327848250591,-145.1092596002284
428,-171.39659600745233,-145.15805676225418
429,9.9013196686534037,-143.2779041188904
430,-110.82741306997806,-143.33514245992572
431,-284.92005477802411,-144.79083221854731
432,7.0377540596303083,-143.01246856715264
433,-153.03849322464089,-143.39770701095503
434,-181.46227495268278,-144.64590325594011
435,-110.41494940473919,-143.75129458854403
436,-205.38360470821627,-143.79333888662413
437,-173.28027223456019,-142.79796748462306
438,-7.0713693112520533,-141.35273383385308
439,-99.470275776022987,-140.72644948950824
440,-219.64377870710865,-141.08063787813623
441,-319.6752710835562,-143.16643159087457
442,-209.9582961606842,-144.05273829583467
443,-294.12756817091679,-144.76693079351159
444,-201.08293043754833,-145.16667466264911
445,-86.483388709009063,-145.47561071105031
446,-76.761907072408491,-145.32456751899383
447,-215.04144365234941,-147.20000339416794
448,-250.74504096694881,-148.04456408264355
449,-152.0390507192694,-148.59032260441126
450,-107.1738383710059,-148.16383059511773
451,-200.18575931698098,-147.87704058709235
452,-241.15837925969549,-148.7406641295652
453,-178.07306657708472,-149.94688444955935
454,-100.20784789720037,-150.37672871638833
455,-163.67514366136882,-149.34171496062214
456,-176.95710237098007,-150.37316399442432
457,-160.31355501003227,-150.34094291252734
458,-177.24069340044605,-150.15271254487337
459,-110.86339357990389,-149.21151713152221
460,-112.91668955205098,-149.14473250252138
461,-247.32184913451178,-150.6323640206046
462,-82.214061333297309,-148.68889129606956
463,-157.74419384325694,-148.87627042030678
464,-122.95538474077945,-148.60635651537007
465,-61.05912852973114,-146.45198866314075
466,-267.10599609245389,-148.26543302236655
467,-100.11270537210194,-146.7958762512456
468,-69.180269863724106,-145.84044844609554
469,-151.29880534458562,-145.66069829424688
470,-202.56549068218223,-145.94999109918453
471,-262.37341732307129,-147.80481496745972
472,-296.36484302427095,-149.47609148772773
473,-123.21537862306762,-149.59115307885284
474,-305.0042691727607,-150.93757633402757
475,-45.763820457692972,-150.24852801401249
476,-106.84932958995931,-150.57018373828487
477,-113.81940878051481,-150.18219565752827
478,-38.55884584264502,-149.84752777028137
479,-84.875075722546185,-148.90147200025325
480,-161.8990980793269,-149.25681093355527
481,-66.368009161860314,-147.74981521620941
482,-154.91904503932759,-147.52490602928594
483,-56.176947148920434,-145.58745274531685
484,-163.30323455824677,-145.67852740389611
485,-152.87093820395256,-145.48515061879314
486,-137.96949353723568,-147.19163907490056
487,-152.8374745892649,-147.2566984963081
488,-105.57470523573767,-147.900481282492
489,-247.43610209571429,-149.57034007586915
490,-117.6806328022915,-150.02388001618786
491,-293.26729040678129,-152.54744792009168
492,-100.02880222540661,-151.86141088961995
493,-423.90675039993175,-154.49146925042692
494,-138.03800280349958,-155.02405850158758
495,-253.05755490549936,-156.07447104628108
496,-118.41394776314561,-155.37782586047945
497,-216.91308298961371,-156.85683274676879
498,-211.41719208790698,-158.30817476469366
499,-61.378784695560178,-157.91990553019431
500,-274.83250576393982,-158.79208767244666
501,-141.51862533982106,-158.71644035031503
502,-112.45165903835017,-158.49584199194763
503,-208.40897454972614,-158.36269066695201
504,-58.018790077612252,-156.87819188556193
505,-247.04162825424353,-157.64435157680458
506,-84.351587916634585,-157.12847979954751
507,-102.43275004135609,-156.88370248911667
508,-86.81728682230856,-155.06178505185298
509,-87.42747217087252,-154.59397379623286
510,-260.04556038042199,-156.26259116646278
511,-112.71731656938763,-155.62241265422995
512,-109.33358137083989,-156.19209697359076
513,-83.326174494581238,-155.47610795307207
514,-77.099530774684354,-155.53377245480635
515,-88.754806633315795,-154.74479148297644
516,-136.13200331365246,-154.24690573415501
517,-74.214463255886088,-153.20116464723205
518,-69.877671767647058,-152.35157052448318
519,-57.719613270005759,-151.367318112584
520,-13.175218647697054,-149.41126725955294
521,-91.850583360312811,-148.66452411425081
522,-271.85889063889726,-149.87426284810624
523,-133.42159865819613,-149.57466165502854
524,-108.74853366609648,-148.69874747357429
525,-91.895290136799588,-148.87499749836627
526,-54.952140319109809,-147.59446778675664
527,-306.7622917964967,-149.51676285647102
528,16.97128133667465,-147.63308408302976
529,-71.625045213385121,-148.44834773185013
530,-69.706931490803996,-148.0371429160584
531,-105.1953294968329,-146.23989566324647
532,-54.003286163228701,-146.85030606547508
533,-59.065978051756517,-145.91058091374623
534,-129.05233733625579,-145.38648153758197
535,-174.04986406612386,-146.02283068419581
536,-94.29000322603801,-144.91189466937405
537,-66.588197391669993,-143.84497392094514
538,-146.82897855996919,-145.24255001343232
539,-62.79174133923128,-144.87576466906438
540,-28.539876356142877,-142.96472564555472
541,-56.081884221652338,-140.3287917769357
542,-41.733374134533442,-138.64654255667418
543,-68.600568689513779,-136.39127256186015
544,-124.20195096004261,-135.6224627670851
545,-49.351562547028315,-135.25114450546531
546,-12.484652915513186,-134.60837196389636
547,-31.63666285861845,-132.77432415595905
548,-49.007017267886638,-130.7569439189684
549,-77.396915757951462,-130.01052256935523
550,-7.4529493532355691,-129.01331367917754
551,-74.70516556200046,-127.75850774162771
552,0.54215264989856915,-125.34150242253178
553,-13.8292232706299,-123.69906398946722
554,-110.19849968193728,-123.79897050731459
555,-89.460861421952472,-123.05682768492042
556,-53.825175566590836,-121.82550841687656
557,-72.555123390434758,-120.94792410068058
558,16.014363181926424,-119.01537353485686
559,1.7335586057956576,-117.88940401299986
560,-48.097052133084901,-117.24120763881021
561,-31.401491349976851,-115.08200406096486
562,-64.164576697515102,-114.90150921460703
563,-34.810345219322954,-113.67217072836767
564,-63.796794748604384,-113.08058482844594
565,51.136286717978606,-111.95863067596883
566,3.5793616114236428,-109.25177709893006
567,-36.72320167708061,-108.61788206197987
568,-65.175715716195725,-108.57783652050458
569,21.150883599739526,-106.85333963106132
570,-52.482755221103055,-105.35251227645053
571,48.099895394697988,-102.24777914927283
572,32.650318876742134,-98.957627530262712
573,-37.856437141385989,-98.104038115445888
574,-19.198978358745972,-95.245985207305736
575,57.899601781719717,-94.209350984911623
576,-36.212278639088922,-93.502980475402907
577,29.676262137621254,-92.068023766221529
578,-10.034719491514524,-91.782782502710219
579,56.423133819877073,-90.369800407285979
580,32.164698303788228,-88.429162443454842
581,24.882968766332983,-87.516652664172909
582,-16.004752008762779,-86.127509733867285
583,26.439777801355703,-85.301342484364525
584,-55.700262177976853,-84.225312760561835
585,-23.076399448782958,-82.927367373010114
586,-69.019123047715766,-82.237863668114912
587,125.63607974598949,-79.453128124762372
588,97.482732375393425,-77.422553748651069
589,12.059561231783968,-74.827597115376065
590,-12.518990776264953,-73.77598069511582
591,-68.796501633222817,-71.531272807380219
592,38.331777211079959,-70.147667013015351
593,-29.255644349710369,-66.201155952513133
594,-35.684931744486512,-65.17762524192301
595,40.748801583824118,-62.239561677029769
596,1.2436192205522891,-61.042986007192795
597,-40.650599158538071,-59.280361168882038
598,7.9595345839882965,-57.086593902163088
599,-46.600605664172726,-56.938812111849209
600,-11.067892721237644,-54.301165981422194
601,62.650763622343298,-52.259472091800554
602,-115.43998002279312,-52.289355301644974
603,-205.72416637708028,-52.262507219918518
604,24.932848585828921,-51.432990833284101
605,18.899570246705068,-48.773578848274617
606,-30.208407336245681,-48.232147042470721
607,-9.5647485884037238,-47.303467027941217
608,35.53954878856532,-46.079898671832467
609,31.888257899848991,-44.886741371125261
610,-17.164306332907039,-42.457928830650118
611,39.308469484472695,-40.937670970111512
612,28.375120902626655,-39.560583947376841
613,-23.773234347840319,-38.965054545909432
614,0.33371983044479481,-38.190722039858137
615,13.093297172226031,-37.172241001802718
616,-242.10108601234469,-38.231931828789648
617,90.760522031112103,-36.58218197591966
618,71.546125480621384,-35.167944003436979
619,56.243186750521289,-34.028316003231708
620,-25.771274978351165,-34.15427656653825
621,-66.137739707050855,-33.897148130005633
622,37.939918758143421,-30.799160036035222
623,63.614996172714612,-28.82879408772612
624,100.32366754846667,-26.738072075580479
625,83.369088823835398,-24.98542828597413
626,-10.301043199524443,-24.538917314778278
627,17.838270486641118,-21.292911691946902
628,113.13209152148163,-20.33130359009883
629,-38.109102636670372,-19.996144164331678
630,172.74175051717089,-17.571657344251932
631,22.169343627576612,-16.29801061300784
632,37.622851898373185,-15.381749232391817
633,205.01450864683142,-12.740944365405939
634,65.093720213731075,-10.799483789906072
635,-50.153919326866266,-9.560524342513494
636,20.855137278686307,-8.4090729374662505
637,11.313248560959931,-7.6300584779399525
638,10.550500114446786,-6.0562636911957943
639,-51.199457532485205,-5.9403408531283333
640,51.992176960454103,-5.1350203199623641
641,21.846987313861462,-4.3557316046072252
642,-36.341981556010914,-4.3018176788220002
643,141.12473928292786,-2.2045645990975835
644,-64.800724534207973,-1.6105523348392365
645,104.60416905246461,-0.07099501884430709
646,182.23721182784067,1.8762236285892322
647,-21.644932912776948,1.9761409280476472
648,-79.619427320073953,1.6700168275257743
649,90.869944390752693,3.3526854290128152
650,-42.184226100100219,3.0053726615441692
651,59.136391054749474,4.3437882277116673
652,95.565498577682177,5.2940216869895043
653,34.223550616173874,5.7745494258575407
654,166.9265152597543,8.545799575274458
655,158.06544650848099,11.021062654578794
656,53.177432315248723,12.091088733397187
657,72.790235574603969,13.544542323047574
658,51.655535489569829,13.900954046124008
659,-23.592731528623538,13.647691144779817
660,202.52019546405759,16.153863620751242
661,162.4940887935303,18.092819422186317
662,26.103377762554477,18.995498966787007
663,-0.86257638411501425,19.334976655139084
664,29.678421659055289,20.269728819215683
665,-3.040834996981856,19.727957602066077
666,-28.042960132690538,19.411734384624939
667,70.375178276167986,20.482718184157424
668,174.06840057175475,22.875159347036934
669,52.18725317161369,23.185523042755673
670,58.56468551189149,24.295997450085615
671,231.89801803752425,26.13397867651388
672,32.724444425619964,26.134719932002657
673,175.29192180580421,28.266203521474559
674,54.872883038647366,29.006922135448491
675,148.68253768381234,29.914751494469414
676,148.24963109129618,31.759370591773269
677,68.453805217294644,32.147146022569999
678,68.414247782516298,32.931635695310312
679,9.9338416608451166,32.466742773719993
680,55.056120042837854,32.695656991110489
681,132.34631042367704,33.77029040768393
682,206.71192763011348,35.997457204072695
683,57.593944156431292,36.308998867623451
684,36.23896174286859,37.228391106831907
685,23.480515902758384,37.693960260347318
686,106.88928414867269,39.453044332311194
687,26.084956222443516,38.457533097075739
688,36.34950131141251,37.846200786435929
689,-8.9434158869499836,37.636171015248593
690,-13.834965438154128,37.623011268629703
691,238.97813194886373,40.700757604450565
692,32.887380313038761,40.64631363547015
693,124.07315076351955,42.179601586602445
694,12.144084544020398,42.657891749487518
695,-93.293149112293364,41.317472242526335
696,-105.27651581330183,40.252270892187795
697,-61.382511802538261,40.04495176574779
698,43.655216584440012,40.401908585752309
699,203.95244397230405,42.907439082117079
700,-94.462488599716352,42.073493123332291
701,-52.722207818036026,40.919763408928503
702,4.0453500549901324,42.11461670970634
703,-41.525173203221406,43.756606641444932
704,56.190902564986047,44.069187181236501
705,-104.25440361051425,42.837647442664299
706,-92.736632601814719,42.212365190008612
707,-36.346591489484325,41.94454676099781
708,-13.559417406839399,41.453557099043763
709,-82.040918943181708,40.314265330613466
710,61.567852565790353,41.101586919600429
711,7.717637518306943,40.785678599938777
712,162.21848531241926,42.124112244036702
713,65.170226718302672,43.013546854698134
714,53.114698788299542,43.541356644276675
715,227.80439495723078,45.68846762212673
716,51.350589769397232,48.622984379944143
717,202.76072008019861,49.742986360435005
718,-1.8855678766348092,49.008669426862454
719,-16.501428524053953,48.281223274116691
720,159.29555244884372,50.131891548388637
721,-26.508360929723018,50.528185336161926
722,7.0119750816798216,50.218905899397285
723,-45.692239846760913,49.125833539202539
724,-46.665295937393779,47.655943904343921
725,-16.781767555883519,46.654435340546726
726,29.149926835333396,47.048945040895305
727,132.22403269033072,48.192802662932202
728,119.10027866280518,48.252484534345442
729,238.5062096083432,51.018637656795569
730,164.10979249861239,50.932318076610002
731,90.246038857229237,51.613085028906511
732,-136.88146596080463,49.868041850314739
733,42.539660529578306,48.243293369142201
734,97.388798231247748,48.566244149317384
735,18.027873143337263,49.248062074019415
736,-218.92329769010405,46.850277724331505
737,168.72496731110127,48.424394911832927
738,-29.827648055988419,48.02061343012857
739,110.31512073004532,49.635759212753875
740,-177.36802219497105,47.342157221199635
741,6.6220551234096225,47.189907899295115
742,34.198223432603577,47.895309949181254
743,51.172827798292857,46.995790834334905
744,163.73527050802454,49.281150784757237
745,-143.30120505254098,46.802097043707171
746,60.888469419637211,45.588609619625139
747,-25.173546163159031,45.553323487121325
748,6.0857027227932967,46.410374787549991
749,75.672615614129228,46.258401499783758
750,-31.307850300212579,46.367165257782638
751,-79.276222023556855,44.983039126999564
752,42.815000040913759,44.45553414163188
753,-96.285094803619032,43.150447687433953
754,-13.790480667010126,41.343277728166306
755,-64.827839277366877,39.114344870307825
756,-107.73152694008741,37.505255277754465
757,-84.103374921563187,35.9363191727928
758,105.0530453810956,36.470294271708063
759,-11.490603664704617,36.591315550347247
760,-56.497619005006911,34.001137405656607
761,-36.167733471023745,32.01451918301106
762,-117.06591256004107,30.58282627978511
763,-92.516940019989917,29.666282643426353
764,-64.073569560310304,28.728762731232706
765,-50.173788358306709,28.257433197619456
766,-37.204690686585494,28.165815892080506
767,-78.352748380865734,26.678536625510169
768,-97.436207606823686,23.963490543724379
769,198.1964055486479,25.423582067494728
770,-59.126533780688476,24.246669874568919
771,-60.25154385182487,21.325174255675428
772,117.36418607239814,22.171571672143212
773,-92.309438456653751,19.495558069518633
774,-67.560246308660766,18.271226776045555
775,74.430313903931875,17.52870453824675
776,50.538151132366487,16.551589738657455
777,-8.2419180564027545,15.784632505920477
778,195.9899914548046,17.060389942643361
779,-77.544115504269882,16.185610370992208
780,5.8642398168944654,15.693691568732778
781,85.666162783131483,15.226890092327318
782,31.866715127564749,13.478437967301835
783,-52.382653932315492,12.378671986414366
784,2.512039419959279,12.041402763185275
785,-6.3933078897235776,11.742664525260455
786,117.66714993789225,11.850443183152652
787,-55.641221571167812,11.033181405216535
788,26.337437055140356,10.933060762653813
789,78.978940622983387,11.812284327753146
790,-64.382690641110628,11.306807075723581
791,93.762234227678647,9.8546480985117295
792,65.446882860159249,10.180243123982935
793,-9.1236140014924114,8.8482754763328142
794,40.486312751770342,9.1316977584103149
795,209.38920518944172,12.158521301427667
796,24.270439538530685,13.453990854945992
797,-5.1205747771804733,14.016610225199569
798,8.2239047014678306,13.662297106369845
799,143.43248494290017,13.057097516075805
800,-68.337809773685947,13.318344304336113
801,182.67871513501382,15.672353533866612
802,-4.6216098620191399,15.585683934696519
803,118.82639656090991,17.189199632337832
804,-56.698183328784324,16.060308773400131
805,-19.300663280866431,16.909846176696604
806,-43.540179534336175,17.401810707371393
807,-96.544469379013307,16.799831928476102
808,65.895604101630994,17.594382143560807
809,-10.468403148987449,18.31010730150275
810,8.2996179334220752,17.777424955179068
811,205.83794736978027,19.758628053693801
812,-24.944316440722375,17.887000036162387
813,-32.787422680561754,16.907423542173738
814,207.14118524106513,18.447688406701396
815,51.160708634001523,16.681251543469106
816,-7.7162927053361052,16.09058271872177
817,34.002642414376965,14.403001942063556
818,164.40996421120707,16.065957262941971
819,-49.870644683326802,15.732265101349244
820,6.3981364212637564,14.203290941073442
821,227.57493434762503,16.744123893846925
822,215.85362965104974,18.832540439540619
823,245.13264411878947,21.740789279196129
824,-97.336402112129775,21.234078217448769
825,-94.429310674365922,20.457602786263944
826,-52.881502343845852,19.637288494472148
827,162.37193842141141,19.938767551782963
828,204.66689606778363,20.794433725832743
829,230.10445469768143,20.710416176726127
830,-5.4241393705409546,19.015076858034593
831,-8.5359099610876417,18.027257369851426
832,149.11138656210241,20.887185895080492
833,109.74610210231127,21.559250310807826
834,198.32249041008339,22.56858723259618
835,16.873075090885422,22.557039252071654
836,202.70166397350627,26.773288868707763
837,174.35056290003786,26.829544824597125
838,-186.5360930052791,25.262460375104219
839,-90.286609761522755,23.256443070188539
840,-24.315875749288342,24.786964534645371
841,-89.510805467022422,23.82563592874105
842,-115.57349588950736,22.327918735519944
843,-151.83269647965571,20.297863492740458
844,-5.8314027229821868,18.602196760430392
845,166.19594428593314,21.697168253815125
846,57.430954476033229,21.662593104379088
847,-167.58911471406634,20.238437418870014
848,135.40581823740752,21.531638574016156
849,106.33780033774246,21.838290421252285
850,-22.187655489870394,21.929492369355707
851,153.29344346774806,24.255189024268756
852,101.95221938054588,24.846561217665084
853,189.10638861534289,27.700476051854704
854,152.01558033976056,29.358536661922408
855,95.073493963355759,30.957549994329639
856,172.31763111665731,33.758041574897078
857,160.34110197482516,36.202486343860961
858,63.630289113496673,35.788258781184965
859,-7.8620818215750097,35.824543999616267
860,92.954371473080997,37.319063904397147
861,172.32787600149692,39.404019999122355
862,-26.182234181872197,40.312856782904049
863,204.03991117795076,43.278425294883448
864,160.80183874967665,45.52717937798333
865,121.51878011309046,47.244105062697301
866,89.18122269878485,48.507964196551001
867,82.263709419825389,50.114128774557912
868,215.09716874585337,53.23946253808468
869,187.02479108914747,53.12774639348968
870,-51.561150339605184,53.203400227900509
871,93.451853070129516,54.740434197120059
872,-19.456715267550884,53.372225183720566
873,96.327543341411555,55.258595001701224
874,-101.1258664409539,54.92293880037829
875,165.96102974631322,55.838245958802098
876,-58.955154141746497,54.743312906060964
877,193.50836461711526,56.760815732796139
878,-5.1289035273465506,54.74962678297463
879,129.70764047735037,56.822144342790835
880,77.639414789938854,57.539896092521282
881,160.2671774393217,58.285906239083189
882,-151.06120274838645,56.456627060323669
883,183.52967900810765,58.81575038972791
884,-36.693806528216847,58.423691930246143
885,-84.820437453880629,57.639420634604569
886,50.777446047963423,56.970523595705281
887,31.83495602984771,57.845285371715427
888,95.14448484526001,58.533355849616626
889,125.85248460602854,59.00209128944708
890,79.920759733041535,60.445125793188609
891,76.057180012312131,60.268075251034944
892,149.5290969685295,61.108897392118642
893,177.813465775841,62.978268189891978
894,102.94015410515738,63.602806603425854
895,63.494043048027223,62.14385498201171
896,-64.316331629680974,61.257987270329586
897,65.908584107924952,61.968278859180643
898,119.23298759931561,63.078369688159107
899,139.75209796420756,63.041565818372192
900,-31.902683094540851,63.405917085163637
901,-73.458285807220832,60.844547075741303
902,-86.038633096709617,60.030376843394386
903,-1.2052130795172966,58.830060746990128
904,57.997540902425172,59.977017989302212
905,91.356928243919398,61.083593904550071
906,13.900527921337293,61.658000979106802
907,12.14582087890714,62.744903881686014
908,40.299074636748536,62.488938587037183
909,56.290142821199588,63.156524046739058
910,-30.334730422723158,62.770180563177618
911,10.13851883354358,60.813186277815241
912,111.05556991970458,62.173185141419509
913,147.80255477026742,63.979084915927807
914,-85.967484530025686,61.04799821821689
915,102.04360108416134,61.556827142718483
916,135.5710480934984,62.989700550706829
917,-168.46221276087977,60.965051998954259
918,106.68068710947803,60.387759227936968
919,-304.63490826581699,57.840116592112075
920,109.83206527257825,58.874455880625213
921,112.40532699369956,57.72275980708595
922,83.800102809893943,56.402224538674403
923,107.78720897588234,55.028770187245328
924,103.29539969514465,57.035088205318083
925,167.66440800425414,59.656025392104283
926,131.79037319215774,61.502744147464313
927,-18.258259582047568,59.696442167429723
928,95.713766357980987,58.606910870331703
929,9.3566295792866914,56.399432619147753
930,131.67864095245662,57.770460422377738
931,121.21585028383923,59.067978024826999
932,177.2786040065285,59.349650199271267
933,-1.4670997067858362,58.237518181180292
934,134.4505006065591,57.598798283145044
935,17.263946184995365,57.602706994086148
936,-18.725842813528693,55.388431926215802
937,26.039696557953704,53.905323262794965
938,-20.915153840338149,55.561532654444363
939,-82.246200962373649,55.641936742435867
940,146.91624291802401,57.354257929108982
941,40.465152767940708,58.654017511458612
942,149.72116601012075,61.306964130454901
943,17.9626563216354,63.004917658467804
944,-0.043659968673386729,63.062795086010894
945,-64.365964266648675,60.757176000485067
946,80.661476970967996,60.98948122543441
947,-88.211700279638279,61.783255369778679
948,200.95070017803295,62.438704189184946
949,30.792986454446961,61.683256050351993
950,68.571462155911988,62.590847226809821
951,164.45655529321004,62.702478345064435
952,-33.999456653614843,61.342961584722822
953,62.246167440609611,60.074359372975486
954,131.80789500480464,59.872282519625934
955,144.64370912128058,60.367984671205186
956,185.64992351271513,60.501307595165756
957,-87.496988783302839,58.02292668758448
958,-77.300030867350785,56.613623487776003
959,-131.85341279120863,55.373710178079662
960,-160.57530991007192,52.838413364248133
961,95.725484709426269,52.072389451327439
962,228.48767621446305,54.619088555290794
963,-131.55943089120169,51.263095134599261
964,47.031248698987199,50.125389234092381
965,201.73776082343568,50.92757904119582
966,-46.435105494937076,49.571415759258599
967,80.864759721091787,49.557426262271264
968,-77.828118141617182,46.628173393396565
969,118.6142508064174,45.944067990569266
970,-42.184920698099269,46.037830286984324
971,-33.489684947657082,44.768414906806463
972,87.731140530143378,45.8402934647834
973,13.358394817089195,45.010601979540169
974,-40.798710383518866,45.613873540114525
975,-13.229823088388942,43.821965011767517
976,57.506288480573524,44.986579437990713
977,71.14580120506541,43.762953803870211
978,108.7207392608415,44.901450231752094
979,158.6554238097921,45.190928065076513
980,96.337345561072468,45.377907372787853
981,111.54453982647232,44.890680996659349
982,164.1980715467455,48.043273739610669
983,125.90321817661287,47.467009131295718
984,129.33738837304227,49.127321080308292
985,138.08781986276819,51.356403653474779
986,184.40928259262273,52.69272201892138
987,122.8116175254147,53.602488633877059
988,157.3430977700628,54.22447476312508
989,80.18138247016563,53.767763741766458
990,90.431891302217565,53.872875057458224
991,121.68020720087904,54.329105329343889
992,16.246725051345976,52.996281610172055
993,84.646586851936263,52.064612820933007
994,129.92822226030722,52.334493502484499
995,153.72881703067003,53.236841242310938
996,134.60336180654144,55.226038176673143
997,-55.557143205803399,54.011380903535873
998,103.86189336591833,53.8576699612019
999,-73.772138044147255,51.722427601118355
1000,103.4019139986416,53.075473572050178
1001,30.903039709053054,54.119086827212911
1002,177.40869436319986,56.753560101812006
1003,141.1806623235405,58.177418855842589
1004,147.25662006485155,59.070009647466861
1005,-76.565650618154592,57.390783858846113
1006,51.895164979590547,57.770730229428644
1007,-82.001182344352429,56.829260197196042
1008,129.06408493349943,57.716910300163555
1009,82.71334777110863,57.981142349662662
1010,168.36140110963515,59.968103664986216
1011,161.8090629001052,61.484809105651848
1012,121.9977708546195,61.594231115000994
1013,145.33420244685476,61.569547591766877
1014,132.99862037734951,63.759208640840626
1015,174.0835448596211,64.479608078595234
1016,176.33081132597647,64.88720571092
1017,120.32116465749814,67.77503948510379
1018,184.04595486488017,68.548692162657801
1019,123.81323993304015,72.833173644646379
1020,109.35173046261768,72.82837029654678
1021,56.266193022747871,72.266978956837249
1022,242.71446418893873,73.856122570627704
1023,20.825493267896981,72.98650541354786
1024,22.544462943057425,72.178996046026981
1025,-66.682560931157681,69.835526356672872
1026,110.72555605500953,69.624878185301384
1027,112.7286517095297,70.934747298217161
1028,185.34347755444696,71.831044410181804
1029,150.02071310855223,73.237685245474466
1030,156.94620578288101,73.4903608937787
1031,36.090879536749753,72.639111186307815
1032,189.66474854025631,72.762972631645084
1033,199.16732681522171,74.769316896865163
1034,140.45968472996145,74.829408738099175
1035,182.92350922706294,76.486004368519858
1036,149.69722086781624,78.170235005333311
1037,186.16930416578924,79.77153108141168
1038,130.56421077281925,81.286324727543246
1039,128.47847368085831,83.393571473975555
1040,91.35060557086112,82.83791510050392
1041,208.13598212391815,84.514623394063705
1042,131.445733183025,84.331869065792759
1043,198.45445086791028,86.136787011255493
1044,162.41512660496664,87.761374876991908
1045,188.40798469673132,90.289114366625697
1046,148.78710153576822,90.970370612273712
1047,47.98792989839442,92.33236691405402
1048,146.66336204616991,91.78949353273542
1049,179.4281555540195,93.275845223731139
1050,83.867265157237441,93.428803253744391
1051,201.00430339244406,93.794280734736745
1052,-12.529636120990952,94.008978940062974
1053,199.92239617772594,95.385741227434139
1054,-21.087861934375056,93.856783658042346
1055,123.16365564543956,93.641983123283921
1056,178.79477056693787,93.573431593826129
1057,233.60029266206888,96.784404408279883
1058,202.22525911274658,99.57965730808084
1059,6.1452102193076588,100.95964353818599
1060,206.33950973506887,104.62879173463742
1061,152.10595292690735,105.19259641681224
1062,143.87540846999099,104.34647373936748
1063,158.43641720667858,107.24643222034631
1064,163.68494677480976,108.41296920110453
1065,179.21664750990703,108.18775806796923
1066,146.10148575848396,110.11312398050346
1067,32.034173986380473,109.62481812315634
1068,165.05377940032395,112.05363709857575
1069,203.19284409655182,112.89942303147707
1070,223.73010115469626,115.55857325000507
1071,174.7500857589354,117.64097095707095
1072,198.12667702666135,118.74492632203615
1073,198.25553902069072,120.59389776407215
1074,154.85000674504715,122.55038493535784
1075,150.77039921809995,124.19038715842271
1076,156.9907748168788,125.18523202178578
1077,230.84373396102774,126.7822113493454
1078,-79.398467628307856,124.90101928045391
1079,112.76717693193314,124.4421368116753
1080,145.83603367055593,124.93712369277014
1081,125.28851030513137,125.07456339755674
1082,229.35920187467656,125.72617470083604
1083,229.04742492531756,126.75761676832309
1084,156.97221323233799,127.03396501691608
1085,-101.96297499428452,124.63345706834552
1086,202.04020025358921,124.80976624495518
1087,209.62840451290441,125.67793411483008
1088,195.14626957715052,126.05596583290095
1089,147.6014516699841,126.73016652489912
1090,-14.90372636409856,125.67681034823597
1091,214.762843341154,126.6076367096387
1092,135.76781156114282,127.8028475747367
1093,227.5735005498783,129.23211671171615
1094,185.10891585109835,129.78392364762405
1095,111.6064660179499,129.36270013749683
1096,175.88430517111775,129.77550957114261
1097,212.23666231705209,132.45344762637117
1098,222.58322276027698,133.64066092031473
1099,212.70283482971473,136.50541064905337
1100,175.23471760900898,137.22373868515706
1101,191.50737144425693,138.82978200250909
1102,159.42600747200177,138.64995513359713
1103,158.95377832673182,138.827686293629
1104,158.73759001620863,138.94249599314256
1105,195.90778848222917,141.66723038414639
1106,161.86509479401346,142.76692968229062
1107,201.66763006965104,145.60361780643066
1108,213.27083961977411,146.44568535329341
1109,224.27105125391034,147.86126238812145
1110,146.45712047097661,147.64221958173488
1111,164.56704516111137,147.66979940434493
1112,232.10175195226307,148.77083921532136
1113,154.80587269783547,148.86555591783116
1114,156.5140841322889,149.10071055538054
1115,160.075351786342,148.96062862464777
1116,201.45528800530514,149.21187339144103
1117,193.54315427420204,149.9440932876081
1118,169.53722412123525,149.79900598017164
1119,177.95433745043101,150.34041695534555
1120,212.95206118658399,151.37642026258524
1121,155.9870135802546,152.37362846816029
1122,187.94685034290927,151.82595232969999
1123,157.18475465339824,153.18954494355501
1124,237.91051014466152,155.34320541557105
1125,181.60215374365094,157.82605256231915
1126,210.27911492305574,158.82158815099962
1127,169.98211217362541,159.39412275564058
1128,206.83975386398407,159.60908551873592
1129,184.66462317726973,159.9555246194231
1130,183.8326470391994,160.22438903198628
1131,172.37056192194518,161.58718585583824
1132,198.30007887803757,161.67353915921603
1133,196.04567463491486,161.64232263741297
1134,149.12950731080775,161.72902086322142
1135,198.99504154806783,161.88973618643146
1136,205.71248646490992,162.4498888424024
1137,134.19333511408331,161.93012915188535
1138,220.57511209802595,162.83023816513742
1139,19.059503477985434,161.73604846310869
1140,172.1215587827817,162.54375799522788
1141,164.6737889103517,162.10913606309222
1142,212.66379117565248,162.92131664301851
1143,167.1084996371051,162.60785713071041
1144,93.988960349347252,161.92359546815425
1145,181.86059863548542,161.85812160754179
1146,198.72431732849054,162.357493765469
1147,202.16404371547762,163.89925490363984
1148,153.13876149407332,163.96400889811889
1149,163.64721565743272,163.80619949915305
1150,191.30059542927583,164.88053280187341
1151,191.35145686319382,164.78400433658092
1152,188.40874624304149,166.79338816022121
1153,149.73914022055573,166.29155560064953
1154,187.71192918589082,168.37955351185212
1155,176.16808088148511,168.90959776421263
1156,176.24519515515973,168.88410201009486
1157,158.25809954677715,168.13068007894191
1158,162.99437650088021,167.73837125282327
1159,197.79063910823618,169.65482554171251
1160,159.41484098279932,169.18557885418986
1161,156.26183859077719,169.22713771082854
1162,223.1997552896367,170.02038117902498
1163,184.32548579981375,170.27927186495634
1164,198.40929027734131,170.62651529998166
1165,195.12354826733912,170.78558430755601
1166,214.44305292703945,171.46899997924157
1167,225.01932678524602,173.39885150723021
1168,60.263645983436973,172.35095017306131
1169,166.08882993831577,171.97991003147897
1170,173.26320648314814,171.47524108476347
1171,221.9747537564503,171.94748776473864
1172,156.52265443318473,171.53144753880392
1173,-206.9913762339616,167.47897838625741
1174,-378.32483264561972,162.14722999235073
1175,168.77616249298069,162.32728762509953
1176,232.8842009549555,163.0862218864803
1177,-61.577949850397523,160.16200504836604
1178,169.90056433799856,162.65499536802909
1179,193.94632514343027,163.46678685014405
1180,204.05554266541014,164.0489819400926
1181,218.70953652843792,164.98319220232565
1182,202.19105734140874,164.71151075699302
1183,186.75547762190251,164.28859128395885
1184,165.60850804107758,164.37495423204621
1185,211.34223772375248,167.50800635922661
1186,166.78596929179838,167.1554640496087
1187,223.08712724544341,167.29005127693407
1188,228.82742480425009,167.62686282920512
1189,175.38406003010738,167.90468891280634
1190,169.7380806826186,169.7511069832735
1191,204.09950497650027,169.64447359962699
1192,156.09588969370776,169.84775438095264
1193,44.756464818999909,168.01958402364383
1194,196.42097405529307,168.13270460568575
1195,198.83294655783266,169.0049694110846
1196,141.89340227192005,168.66506038209261
1197,203.43141549922029,168.57700791391429
1198,162.32978954122419,167.9744735817238
1199,221.366535569512,168.06111058912174
1200,227.48134000543584,168.58357681308601
1201,161.38967602033634,168.28239985884676
1202,187.87468601623803,168.56688664428918
1203,134.64067603493388,168.32375562137119
1204,232.23338805361001,169.05871360174518
1205,186.60977890636576,168.96573350598655
1206,56.730792851206068,167.91439048655849
1207,48.422110658011491,166.38193529244208
1208,149.4544162918362,165.74377105916267
1209,216.12198148910198,165.66228036151463
1210,184.78241579087847,166.04553331471365
1211,180.11405790337477,166.20100344213628
1212,159.16275901806316,165.47161351279428
1213,219.98704884563404,166.12342527427228
1214,212.04117066484008,166.67869613959778
1215,240.7240023071912,167.48518264480626
1216,184.67755393894464,167.31740530414265
1217,191.52296074104314,167.2972033688111
1218,192.82992759396325,167.53013040353838
1219,188.1776072571858,167.6323631016059
1220,229.11229310275979,167.79396542076768
1221,151.60130437329738,167.75010832869808
1222,220.53933329157366,168.07603315818477
1223,199.52599848325849,168.49944559648335
1224,195.29127632073465,168.07325325824408
1225,185.5978757101949,168.11321047790952
1226,172.26273584324392,167.73304668711143
1227,81.927781228603408,166.85250337766115
1228,174.39431048429492,166.52804894386426
1229,162.48327245510271,166.30623543664262
1230,-44.846994934622458,164.01943901690439
1231,223.80566912979157,164.53379008898287
1232,234.54710962256019,164.89626039642809
1233,210.95326430389946,165.04533629311794
1234,215.17314763368546,165.70577269634671
1235,236.5401591300521,166.08122387216656
1236,199.91505477245596,166.02324955524205
1237,156.06292286126455,166.24194543271383
1238,194.20998376317834,165.97829414936535
1239,165.76432510300879,167.44534236561557
1240,221.99064479209869,167.94403322570872
1241,107.4183863365658,167.37147919997085
1242,222.27760724383586,167.46761736065272
1243,171.77931370226594,167.51432550130434
1244,158.67349902744328,168.16117088808525
1245,59.045186380053664,166.93301676553097
1246,182.66221993223326,166.77239579156841
1247,180.22017492463482,166.55295710365996
1248,187.45580898719837,166.89612757859123
1249,181.72723425676281,167.0769277645845
1250,183.75414162122905,167.00146322650406
1251,207.04986361229697,167.1584472939951
1252,180.59687860977812,167.08032861766245
1253,183.60355630991307,167.41897277855603
1254,210.50915158353527,167.64694500253245
1255,196.51715149462746,167.85043570866387
1256,234.67850788151279,168.4347688359274
1257,206.33724342024254,168.91556027466208
1258,169.04894461963445,168.97610595584959
1259,168.4617230900607,168.68281679566786
1260,181.31747150322536,168.9018431008721
1261,188.29499359259967,169.22217465089037
1262,230.51851734895882,169.29536227148358
1263,206.44832972755555,169.51659071076097
1264,203.88661477539227,169.57136395574145
1265,177.30798869710571,169.39320836003918
1266,185.00994718011606,169.09887730256992
1267,176.58386569129704,168.61452269163044
1268,224.81025557144912,170.25998878751057
1269,178.90091972754249,170.38810968540281
1270,219.16388793229885,170.84711649989436
1271,201.81365707122194,170.6455055330421
1272,234.89835697394935,171.42926255844975
1273,212.53651809748845,175.62454150176424
1274,202.35045320929484,181.43129436031336
1275,204.88798495246252,181.79241258490819
1276,66.534111201800158,180.12891168737661
1277,194.71395553710462,182.69183074125166
1278,-39.360994598575601,180.59921515188589
1279,195.14362918115421,180.61118819226311
1280,169.7843497715553,180.26847626332454
1281,159.86399625835509,179.68002086062373
1282,225.49288352715485,179.91303912248119
1283,166.0280723553563,179.70576506981573
1284,185.50614493774117,179.90474143878237
1285,202.06720489706277,179.81199111051549
1286,227.94199918860627,180.42355140948357
1287,210.79541216191691,180.30063425864836
1288,210.58454529349862,180.11820546354079
1289,-51.42338761793917,177.85013098706037
1290,214.74322526611303,178.3001824328953
1291,168.59451650508589,177.94513254818116
1292,64.267909112889967,177.02685274237294
1293,179.16493123533533,178.37093740653631
1294,175.33713171274087,178.1600989831108
1295,223.28037862263417,178.40457330375881
1296,203.60883866781941,179.02172766771781
1297,206.84728453030692,179.05588635802869
1298,218.51658379145351,179.617754300531
1299,199.74304764636474,179.4015194212995
1300,165.4178597604955,178.78088461885008
1301,195.2952516911451,179.11994037555817
1302,217.90564919104045,179.42025000730618
1303,228.41065035408602,180.35794975049777
1304,243.45596596620086,180.47017552962362
1305,187.65694291968654,180.48064716975685
1306,188.30505580497612,181.79638979929453
1307,213.43457565020543,183.44651444921649
1308,222.58970289012836,184.17786731519936
1309,-39.34468793951514,181.6232006209132
1310,203.4244901801822,181.80962136480622
1311,207.05370146271775,182.0790178003997
1312,165.98945780657417,182.14728478828485
1313,230.63347956666505,182.25374909549515
1314,200.62455882765056,182.13958297712324
1315,189.74558333094268,181.62979878736078
1316,238.5091870204314,182.16811511817562
1317,216.69462422283146,182.41983175299347
1318,206.17972970284467,182.5533297740823
1319,205.59918476322622,182.72754554914272
1320,177.07067266567748,182.20712934477194
1321,191.88551488791961,182.60997144991813
1322,182.96994077767408,182.23427752477909
1323,218.27312994950785,182.42174883944162
1324,197.12534137877054,182.44008949002196
1325,205.26887442386482,182.63679947715863
1326,194.78653650550683,182.86203748378128
1327,163.22135489150963,183.67497322041035
1328,242.56866949010174,184.35671681046841
1329,190.53459807001889,184.63723006661755
1330,203.62795128354628,187.12197952879924
1331,206.34862354799233,186.94740907298129
1332,174.47734183584612,186.34671139511411
1333,217.35821605676085,186.41076091264273
1334,170.83141494617794,185.96734358576768
1335,238.47410433790992,185.98668303784626
1336,229.05853020045512,186.27811779212621
1337,27.461200622508922,184.99210056973868
1338,208.1753842693108,185.13175457480003
1339,175.38856600668151,185.22799698383676
1340,207.49983822876248,185.0830889182034
1341,213.73811174788429,186.14628617231654
1342,182.81345143872352,185.75164461426542
1343,136.99214473236088,185.40377292456637
1344,176.2067587355088,185.57910552164702
1345,207.01694768751418,187.05882313472165
1346,199.22061315615511,187.22440706696085
1347,168.77028963447248,187.1099082140592
1348,126.44429192280266,186.49979304341522
1349,231.75179888721669,187.00003868971982
1350,190.18058391020617,187.06430311260957
1351,208.47255589834418,187.07853003547007
1352,229.9402942343585,187.57196419171589
1353,169.19175142496417,187.4278461428664
1354,170.51665332352871,187.02792116026635
1355,162.72894979886303,186.69003914330867
1356,172.71172021748345,186.07037126666842
1357,169.25087478855119,185.69950758035148
1358,177.81749920470952,185.78719312620225
1359,227.05256212522704,186.37310151655387
1360,188.07916872202517,186.44071848874188
1361,191.12433249433434,186.46901187775927
1362,217.11664303518765,186.33499313462156
1363,173.33043206277486,186.00381415797372
1364,160.10012988755176,185.56594930909532
1365,215.52682948396352,185.94813771696391
1366,204.38523018349326,186.14189054699764
1367,227.92275944882027,186.6552794845729
1368,141.09024464321004,185.81807937529044
1369,214.89966006911538,186.17806677870624
1370,209.29958315909138,186.07942373097416
1371,160.52456779850522,185.66653283824698
1372,181.6509572176694,185.13405884068419
1373,172.35130109457879,184.73220667065507
1374,161.81826689594277,184.32688480752154
1375,168.21548618323914,183.9601598198293
1376,164.03999689065176,184.93521867671785
1377,204.79180820762585,185.03599720342302
1378,195.55008509356438,187.38510800034445
1379,204.68327820954821,187.48050449062842
1380,145.34089498864429,187.23606994279925
1381,192.67851780001854,187.56421515821589
1382,222.75229184384287,187.5368092413828
1383,204.0647319627584,187.91717583745677
1384,213.9148496333321,188.20126288441273
1385,228.80792935846614,188.46867012902675
1386,222.44447397485129,188.4136948768892
1387,149.53990264125815,187.80113978168265
1388,237.95570603260683,188.07485138907373
1389,241.10020355178958,191.00008730077099
1390,84.490515765663815,189.69756020576654
1391,204.74230563431996,190.05903809705885
1392,177.495209187733,191.1913110978073
1393,183.05946914734656,191.23025647692737
1394,199.56394382372309,191.47252459803721
1395,175.96863092904317,190.99940712110129
1396,207.22837832294749,191.03560251765259
1397,163.87577704866661,190.60588744283618
1398,38.521991435702404,188.80594151927869
1399,238.44634792681845,189.19297452208323
1400,184.17492193685572,189.38054514384683
1401,174.84108431708319,189.1760034701062
1402,204.33058079769708,189.04025278617272
1403,192.7833074522857,188.68397935715475
1404,178.6590195685493,188.0360098931782
1405,236.78847873431448,188.5273252513245
1406,205.21187107281472,188.69639340400283
1407,207.1342259982062,188.63338990748289
1408,185.79953763979836,188.26548825497957
1409,199.34548323337552,190.65238996670851
1410,184.91560431839517,190.46730110809062
1411,190.08410190142803,190.29760511247775
1412,231.64641912255101,190.9541747256375
1413,206.33410061655866,190.7111809361364
1414,191.16476478571042,190.61658299571701
1415,223.11936970436102,190.95032085945115
1416,163.60946583632693,190.20132364761011
1417,195.95925917696468,189.99396999715148
1418,198.0009931987768,189.91218263211078
1419,189.10027501659783,189.74719353464454
1420,-42.316870630863932,187.55331810167914
1421,201.94170265382286,187.65387997933817
1422,195.56350069982381,187.77981557855964
1423,206.60596098159579,187.66314388888051
1424,205.98270664212757,187.75171754151413
1425,203.50256518108336,187.7340544490863
1426,215.58580996317255,187.94204718366294
1427,181.45135500517563,188.12434718479963
1428,175.70401592477344,187.45570064914634
1429,204.02578407724059,187.59061250921854
1430,216.4788132979786,187.71912112936283
1431,216.51041294546874,187.82073902333764
1432,209.13202685886111,188.16728587356778
1433,194.5383334385379,187.93908704738556
1434,170.73785589407544,187.93815145686455
1435,187.09917208128883,187.42440213429833
1436,194.54331023691097,187.07924993466287
1437,207.14058980734848,188.87604382651134
1438,173.83131143062096,188.53260309812441
1439,206.66765145021873,188.84539395255979
1440,209.88672830515964,188.86926285332373
1441,202.93947894347394,188.76127652527961
1442,214.3653137436072,189.07679514832844
1443,205.56608107154318,189.7625345117203
1444,221.55623590624288,190.21602928342764
1445,186.91511957776805,190.01501100233014
1446,212.476977295317,190.14757464372175
1447,170.76161045987939,190.16748785197586
1448,176.25347691195054,190.66557970186736
1449,205.0534449674962,190.39859616267015
1450,209.15611596878466,190.58835148325591
1451,233.69395086773136,190.8405654329498
1452,213.86977202919957,190.6798602108982
1453,203.57900916495822,191.02373278829816
1454,186.92967936186005,191.18786304868144
1455,193.95677035308694,191.50014125422371
1456,174.29589755914677,191.51598302764029
1457,172.77972674411933,191.55127154719602
1458,214.3521803451608,191.91661835860054
1459,163.29212970488518,191.27901403439711
1460,207.27018747732609,191.47092422195013
1461,189.6069052427604,191.45574994943436
1462,220.3587737544056,191.48817125662652
1463,200.16463167496249,191.75651325274836
1464,192.06447113676126,192.07615666524046
1465,162.56599112357728,191.5465482816366
1466,218.61797394564906,191.68887571925816
1467,182.04525341024492,191.23010065887243
1468,208.24820760042076,191.9016802884446
1469,191.56305817382682,191.66831426949165
1470,225.14672934085587,191.82678573130931
1471,188.85137866388203,192.11005383996309
1472,215.25329905143559,192.44607725830079
1473,199.03810630186678,192.7129453103737
1474,217.52346262620372,193.2699972676763
1475,180.27239270449871,193.39056633288885
1476,198.49353148977241,193.73510167888008
1477,176.28451059440548,193.45002870274783
1478,219.89213076899813,193.69344915950219
1479,209.59945063862779,193.74261088379299
1480,240.89109559305103,194.69811288983706
1481,206.91238226391124,194.84045153447599
1482,185.66386434347402,194.46956725947229
1483,152.36648247104912,193.95258476455518
1484,219.45787686731541,194.00801503689502
1485,146.24388753875556,193.18237461869793
1486,205.84785207609761,193.01640839971037
1487,209.10461654431327,193.61205553874098
1488,248.09623005341459,193.71346077894901
1489,216.50839355116628,193.46754267894281
1490,234.57492889298064,194.96838681021592
1491,208.47763015831282,195.00574005545587
1492,219.38211390467939,195.42460910262528
1493,209.18788146435458,195.68589322579538
1494,188.6360824497778,195.57661461205592
1495,184.16645254147807,195.6585928281803
1496,176.20352256796028,195.34834427063049
1497,237.91788827047341,196.08876538284855
1498,212.49078879751534,197.82845335646667
1499,197.78442335186736,197.42183411071713
1500,202.89003976010321,197.60898528894961
1501,195.58001482433059,197.81637459402205
1502,193.82873418299147,197.71135612787501
1503,195.99719411306975,197.74349499448283
1504,235.53712792116568,198.31227607800901
1505,206.46124259723953,198.00900371663829
1506,186.24737211414998,197.81935872705162
1507,239.85503775305534,198.14656684460013
1508,154.64313296326986,197.83500279783485
1509,218.74232346583148,198.02897120015939
1510,225.71957856599369,198.43701094263534
1511,194.49115671946038,198.48108149081571
1512,202.02703422892495,198.18488764187944
1513,198.37315662648308,198.10527820197868
1514,214.74749939500305,198.3411055480716
1515,205.2094510320747,198.16200636134874
1516,210.64405328264394,198.63235223581194
1517,233.9000315381027,199.0117599594233
1518,208.345419428713,199.11520422172262
1519,226.84192947276921,199.49262076628435
1520,196.46784663120241,201.88046793890501
1521,197.93573245461954,201.84040823691299
1522,208.13328174810678,201.96610604739581
1523,208.79395511426418,201.98798598872247
1524,218.443918682998,202.11259810913123
1525,206.17652913671608,202.13933774868755
1526,188.05665676820706,201.8640462167379
1527,198.64821925697407,202.03601485925589
1528,208.66455383252298,202.36562023833341
1529,176.64229317604565,202.09178532932145
1530,222.20669590572308,202.14906415539892
1531,192.97500306890828,201.91371005663328
1532,189.19412501020895,201.71433103814672
1533,196.87829307193425,201.73773063448073
1534,236.71968847959505,202.39754896033591
1535,192.66463709778645,202.45320361050094
1536,161.79922500898073,202.12576275822161
1537,202.93323539038181,202.08368921405193
1538,179.77358979859929,202.14311199773169
1539,197.72904506323164,202.05372593386181
1540,186.50773700623961,201.81993602087263
1541,207.40009455445909,201.86454217698247
1542,166.95484771640204,201.39043751671042
1543,203.56627983434726,201.37043950433846
1544,216.9740656053782,201.32461780132979
1545,177.09560039922536,201.22642260954439
1546,207.41008449131789,201.17575368150443
1547,231.70818566076287,201.78521943351319
1548,218.00172139730785,202.20270187836684
1549,237.27296053553403,202.5248970340472
1550,245.18266238757252,202.88516249823505
1551,194.31976078411395,202.4914205973989
1552,182.07153735366811,202.17343825064358
1553,199.76803884966864,202.13532854749067
1554,186.65497445985935,202.13258149847067
1555,219.71697549739477,202.39018354991379
1556,195.06848593477099,202.59790943367
1557,193.84745494535088,202.80858671568228
1558,197.68097566611991,202.64187466889186
1559,212.40439428875766,203.13299731473063
1560,197.89080252834228,203.03920346524075
1561,166.95388525985891,202.81267326541175
1562,230.91288354699677,202.91821436333768
1563,177.14286402747786,202.68799668686287
1564,176.38854390462961,202.53123741454149
1565,189.86479862943264,202.80422548960004
1566,227.25383366270114,202.89058408677053
1567,200.62045831920079,203.07633613586012
1568,214.72388173202336,203.14109287717616
1569,179.56768396861887,203.02113913512414
1570,208.39353560260025,202.85360719774158
1571,204.13880417841958,203.00648145288696
1572,239.84782354876472,203.25242669786022
1573,192.62365966000252,203.18828223144155
1574,229.50369964651389,203.30808460164465
1575,202.91804550644122,203.53454112966406
1576,178.59164271570063,203.33552224192334
1577,202.06441472226436,203.5933212832019
1578,208.62206934048132,203.48062066891677
1579,215.22790089592328,203.53690517148971
1580,200.68555483692899,203.13484976392851
1581,188.50326328496027,202.95075857413903
1582,177.4589083594916,202.86870901429916
1583,217.74232659221718,203.52246745551088
1584,196.32278900317527,203.29111657686946
1585,198.13557057909088,203.81003340727281
1586,179.37241161507433,203.54527900266257
1587,179.95437729784612,203.25377661019792
1588,192.88097277306133,202.7016240373944
1589,217.88926333759434,202.71543273525864
1590,187.90538875928902,202.24873733392178
1591,189.3746511145763,202.05770754348438
1592,201.05808278773145,201.87446723231494
1593,206.59695271666172,201.84855794483801
1594,200.2153202964237,201.96435032330447
1595,245.69086005280434,202.57959439841773
1596,224.27251267269122,203.06028429946505
1597,228.63008206697364,202.96740623743005
1598,213.52860985219206,202.97778444797677
1599,246.24749166014456,203.46241513105957
1600,207.67757027873785,203.51029043624592
1601,233.295858379941,203.88744887180201
1602,246.50880914859837,204.41424962145808
1603,187.91128406328653,204.33339052096025
1604,218.44487631654096,204.16246800491402
1605,232.92351798076027,204.42709075874922
1606,72.610809258954859,203.29072513019727
1607,224.24407210151068,203.13461547368183
1608,199.91451227733421,203.58732926682248
1609,177.67855038062629,203.17669153597043
1610,208.80306759025871,203.00752642621305
1611,182.40176336149764,202.8866324926334
1612,205.75140407455714,202.92387619108973
1613,225.36895952588245,203.19383422008374
1614,248.21834348392741,203.52854266097296
1615,209.73477916196265,203.57379594227183
1616,188.73116569126978,203.35466706635808
1617,197.07160902439873,202.98638284122103
1618,224.02610426721975,203.14318968960612
1619,200.62421156703834,202.88101251054886
1620,199.51769734914285,202.91151101772826
1621,227.23240496280897,203.20447774281013
1622,185.53209382851969,202.97846586361422
1623,176.50346302312278,202.65556094270281
1624,214.39203511485084,202.61504210702137
1625,170.85103144107637,202.26178713006499
1626,189.81137079863797,202.2793342703693
1627,200.38972124508953,202.29674929025043
1628,207.47051672509525,202.28480891917613
1629,201.4660383794438,202.53304637121016
1630,207.40628547110157,202.38504226686393
1631,213.03365762833533,202.5856288124582
1632,217.71071689750264,202.8707947313311
1633,191.55525781022854,202.81756437871408
1634,228.37516123165003,202.73411910623466
1635,227.20073830678612,203.0794801183246
1636,214.37158084031338,203.60520367663798
1637,235.21773497756274,203.92804867250976
1638,221.53053083292625,204.34561808285306
1639,225.13153695594005,204.61964300178013
1640,162.71456478426921,204.38171127956048
1641,199.50987734071376,204.30280910742297
1642,236.54685609876688,204.99872919124667
1643,214.1122265534882,205.10418865843803
1644,219.48858750668126,205.1293338774511
1645,247.86433027977796,205.8370211762566
1646,202.65966318505244,205.78951696319393
1647,229.41126923798117,205.76654779896614
1648,214.34374070517245,205.72996799204478
1649,212.3355111757885,205.48059349844726
1650,188.57611474109478,204.91452802198251
1651,202.63718934176151,204.99770230755902
1652,210.34412266395904,205.2804281606619
1653,180.58670520500829,205.08861482421528
1654,201.43345844478995,205.23639966406461
1655,228.46811498197886,205.32391105891043
1656,232.84923153485178,205.70171851491122
1657,204.46743910156215,205.80791835647332
1658,224.46859514928525,206.07579455130499
1659,222.30340803543885,206.17478468877181
1660,219.31718131383619,206.38904847662673
1661,184.97976987074156,206.5693073227356
1662,231.64524772630969,206.57663096452868
1663,204.6395127841042,206.85159745209498
1664,216.68129273838971,207.25452494043256
1665,210.16898676456822,207.45756682178396
1666,232.20622453273691,207.50709073048426
1667,201.57760359006801,207.51666218319301
1668,199.10115630319146,207.36043492890462
1669,203.91601246063033,207.60391821382473
1670,200.64543225517738,207.52643718035048
1671,223.38493469902031,207.71889848555654
1672,185.45026116592487,207.17492286172816
1673,211.48026675920332,207.36348893272017
1674,184.78800535155463,206.91633198977061
1675,207.0956810293336,206.95810834499949
1676,207.61963707503313,207.24838828859282
1677,193.44517107700943,207.16219585214026
1678,201.23090062817749,207.08828416501717
1679,235.63931814923333,207.29239833755034
1680,206.8219844788749,207.35376263396981
1681,196.42176028920741,207.43294760401227
1682,194.21869412926517,207.60054546171003
1683,235.69286795719421,207.78005087535973
1684,221.208025451346,208.02890323984147
1685,206.51919514649413,208.11273948551548
1686,216.49571907011867,208.48397256006592
1687,241.65131204230462,209.10094190751053
1688,214.52687940500707,209.31740097382996
1689,188.93210072984041,209.02782934775246
1690,215.3824505132086,209.30259996529162
1691,232.93033373541786,209.73815679150005
1692,221.40508890962096,209.94162685271897
1693,248.57061278476795,210.36136345339997
1694,208.27813888110515,210.44199163924685
1695,219.73592980300597,210.18244233674886
1696,213.98532479757728,210.07957045799768
1697,235.50495813875409,210.14831921871553
1698,194.80600596949284,209.96109317988856
1699,210.53434482597592,209.60396171154684
1700,220.65285439108749,209.73371455267036
1701,209.47512741232856,209.49550724299422
1702,177.40457472600056,208.80446489876823
1703,243.24500755599186,209.35780213369529
1704,196.98258571643237,209.14317922769419
1705,199.75036283834652,208.81144767627003
1706,233.3262323410504,210.41860190709104
1707,196.25498791542211,210.1387110652301
1708,209.16678318108336,210.23123377426759
1709,218.2386219878,210.63683449033934
1710,240.49258858791347,210.95372970031588
1711,211.15865931614869,211.24129865986239
1712,234.44464250819067,211.52823104419872
1713,200.24794479719071,211.27702089691181
1714,229.54851575538214,211.09032261962639
1715,186.73925298419988,210.86036735784873
1716,212.02991283996309,211.09335482933568
1717,218.21687998080492,211.30480753889978
1718,187.46619716062247,210.93920846783382
1719,211.91675186207218,211.05213387078413
1720,205.08294534291838,211.10778635072188
1721,212.57894206882091,210.96125172178196
1722,250.91732237412512,211.61510400723802
1723,211.71764650501063,211.96724584205688
1724,204.17222417422278,211.86504773265062
1725,229.73838887262573,212.45392130696612
1726,241.58526436038304,212.9716602425836
1727,215.32888350725369,213.12105186520523
1728,192.04268591011484,212.96677355705538
1729,203.96695710409529,212.99178274430193
1730,203.7829090021871,212.95554897961276
1731,192.45377095882117,212.74975011291764
1732,212.27869608978284,212.69542990484047
1733,204.15942768997542,212.82147160363795
1734,221.87748399411188,212.7564948312625
1735,183.67710292863893,212.32125847748102
1736,177.74325760268226,211.95497524510475
1737,221.96525111888411,211.82245040651796
1738,220.20426738802686,211.80918777206898
1739,246.91014106194825,212.02697381312908
1740,200.41743912424698,212.40400255652887
1741,184.95049768564948,212.25840875997818
1742,211.37514573051413,212.00669165629566
1743,221.76233912003286,212.08319278196115
1744,180.03212269094894,211.68862813380375
1745,195.95733146986319,211.16955814570466
1746,237.5710234369823,211.51867174822394
1747,186.84464488228522,211.09300550466699
1748,208.55852142592559,211.03515331187452
1749,197.12549822922819,210.8830531824089
1750,226.06592843226764,211.25795131932063
1751,225.85472427537721,211.49012666865679
1752,235.04426284773405,211.73712807049455
1753,202.77757333275483,211.959036751772
1754,206.77131899180867,212.01241535724222
1755,178.46584332491577,211.51239264067161
1756,191.62338888969128,211.10013421421999
1757,191.2222068120594,210.96768189132493
1758,188.87283436395313,210.6117242834716
1759,205.99871250498813,210.44867732816709
1760,-69.96324341066034,207.55587308092214
1761,201.62227813144648,207.72229816352916
1762,197.90842938356991,207.38492998010176
1763,207.06562796170874,207.4091911318778
1764,198.13846327505053,207.22376283724444
1765,190.675055196507,207.02882352156382
1766,228.49036751234914,206.99166495135992
1767,226.77373326391398,207.24362624809845
1768,233.09601165870552,207.58357480165358
1769,236.29200149587035,207.90733469200595
1770,216.74880446481717,208.06836841410234
1771,213.26946603775218,207.96721372748965
1772,207.17625087279561,208.18447362455836
1773,175.24262110174175,207.82209716798374
1774,192.95418878700099,207.90375900233823
1775,228.3253053125537,208.1160552451704
1776,181.37314846331856,207.85359035905327
1777,239.17608323854265,208.31089948066864
1778,189.83202381805086,208.19691071256736
1779,204.46084437139643,207.88512597478896
1780,228.5120415867824,208.10202654586806
1781,216.0621380003991,208.29843032297995
1782,211.77155988663441,208.47395898055365
1783,191.98551540748804,208.03688545505659
1784,215.35420674140096,207.97834726795713
1785,209.2195822737539,208.00535113922976
1786,203.99756508368932,207.88036959936545
1787,186.11243909863697,207.32498086992877
1788,213.42088004436053,207.3139208763223
1789,209.0560878999475,207.51516074802336
1790,217.160541065356,207.53294165354484
1791,208.53293282596604,207.28896764445031
1792,210.14390897143221,207.17635584506843
1793,230.18518480757075,206.99250156529652
1794,198.41996002764981,206.89391977676195
1795,214.65357921141407,206.84309627084608
1796,218.59438080869032,206.88918683095716
1797,232.2358409493483,206.85649565906311
1798,192.58260051233793,206.8342616044915
1799,228.5671978747944,207.01459013497973
1800,218.11221220114066,206.98918371308031
1801,192.64959736202908,206.82092841257727
1802,218.68217424794832,207.23370440779675
1803,195.21545145751082,206.75340884681194
1804,176.0336827329553,206.54391981697714
1805,204.11635837097359,206.58757977230346
1806,210.71110868940411,206.36142853578698
1807,213.7454793998354,206.53633345063113
1808,232.02879137568451,206.7649535325771
1809,221.3218004087143,206.79578531678624
1810,197.53157726752858,206.3661752035824
1811,206.58653829773579,206.32045399339825
1812,231.55687650487212,206.29157633336507
1813,198.9680566911033,206.27877745230424
1814,210.75442382392225,206.09083653298964
1815,205.13641851388542,206.27480818828653
1816,213.69989519248,206.2915080118116
1817,243.51102807010005,206.54444949270456
1818,228.15971285189892,206.95138464961735
1819,225.09633629485859,207.08318049394521
1820,228.33069521440473,207.31565799266008
1821,208.28017421326626,207.27267031410452
1822,204.65083722685918,206.81000546263186
1823,194.60863261876693,206.6389153237694
1824,221.61373873106646,206.8133304693379
1825,196.55085827486204,206.48145516336027
1826,234.39864412401681,206.40958896099656
1827,244.30781928848353,206.69937831880884
1828,246.10386699334049,207.23999012964111
1829,250.31367264393711,207.70345728503952
1830,200.93079245869251,207.67493611960458
1831,238.2039330925794,208.13243774094224
1832,184.31492762205514,207.8528000562649
1833,258.59355659198621,208.39714134528501
1834,212.69101169130701,208.30527662225694
1835,214.63649196284595,208.61487051259905
1836,218.23971190301802,209.01983505560239
1837,212.4748036574114,208.92493058098768
1838,214.4520988674256,208.86740889578169
1839,205.76090195909313,208.45591650475311
1840,246.62181857129255,208.91796029922355
1841,184.39888441212292,208.91244416648829
1842,241.01306568565701,209.20882336603972
1843,205.16464298417469,209.04284640468111
1844,184.71066107750039,209.08963178854665
1845,185.53872735199121,208.98544574736792
1846,202.63697461680459,208.63610525916619
1847,203.53839575375494,208.80304276788087
1848,240.73297609855624,209.12478731460718
1849,243.33270130189811,209.58685934533386
1850,238.55584196467464,209.71175848065792
1851,181.90440054525902,209.27225524335671
1852,188.1989824765858,208.80380243964521
1853,188.89819489341028,208.66500865525177
1854,237.12290527273501,208.96852451806106
1855,202.07447216334901,209.20461080644537
1856,226.76330698962596,209.55600998744475
1857,189.14555113317692,209.53524343065592
1858,255.87519753739349,210.20526706239033
1859,201.70706238896,210.16235056123006
1860,189.64187547735906,212.75840175011024
1861,219.60083292580157,212.93818729805378
1862,248.40374530339369,213.44314045725204
1863,204.14144551611332,213.41389863279608
1864,247.03982986043567,213.90291229864991
1865,192.95668362559144,213.92572858294076
1866,186.0131834886694,213.50095674270401
1867,243.05386294310046,213.66375803949583
1868,220.45305090016592,213.53732843191045
1869,217.67489520052342,213.35115736895699
1870,224.4756282072702,213.4284256063815
1871,192.5426030475092,213.22115697647911
1872,219.47109463537566,213.34410541410489
1873,183.62774726786171,213.4279566757661
1874,227.35838389854661,213.77199862688158
1875,241.71542923038686,213.90589986605988
1876,237.2070588207377,214.46423896963407
1877,230.51436333582657,214.37762177060694
1878,208.08775771900392,214.56017910961643
1879,233.77000049802251,214.85327067088269
1880,205.847017041302,214.62662042542786
1881,230.27011077859561,214.76870015320983
1882,183.80744751785718,214.48905902952208
1883,208.01847446502677,214.64938862009743
1884,247.08875136842579,214.96673406636768
1885,212.77557362806112,215.00229397991075
1886,174.71620051255786,214.70948033419944
1887,186.54886166918936,214.71384455990497
1888,251.89124005479101,215.0985481600093
1889,183.05779522051739,214.83856523321504
1890,203.02220922569532,214.69718191481843
1891,176.67860176122787,214.37863860417102
1892,219.57569013962862,214.47295641585293
1893,236.08089780229244,214.53191354580022
1894,206.70818027244206,214.61479574824816
1895,200.60306738128753,214.47429062994689
1896,215.61187495717363,214.44446557143172
1897,198.6459427506183,214.10856658944442
1898,193.39663272583164,214.11670691157931
1899,210.09646775787542,213.93199961041012
1900,249.23028318585028,214.24318032025721
1901,224.92023490342518,214.56588669567117
1902,225.36228567325961,214.63268780992425
1903,252.29895084841354,215.20352280383332
1904,208.37577733572454,215.52694374986098
1905,209.21546334486382,215.57793479959989
1906,189.05259019525033,215.36134961465839
1907,247.22411987461373,215.69613601940614
1908,189.43380432853269,215.27018614893461
1909,207.38725152799566,215.13084066012743
1910,196.19718266926449,215.11749671414481
1911,201.39346663213487,215.06556599748882
1912,206.37585398380114,214.81375577227811
1913,203.22877027659092,214.85636290813298
1914,242.00388388508219,215.16885750874459
1915,204.90983615230556,215.16659168512879
1916,230.72662108560579,215.33685894406005
1917,219.16331252219038,215.09338178858096
1918,186.42478875073357,214.67603254756929
1919,225.7166217257805,214.6822354018785
1920,215.01805960208509,214.54910904575527
1921,221.2209904609748,214.67851720823236
1922,224.03916661741607,214.87240050213794
1923,198.10169332318989,214.90733110918219
1924,214.85614355616312,214.83975515743316
1925,208.30343374765198,214.95728091216111
1926,225.12060945147198,214.86450056543566
1927,206.58036858652855,214.4872260584161
1928,225.05186688708423,214.27670605735346
1929,215.35382267337457,213.92710755764787
1930,231.20209554836245,214.22982058854461
1931,176.67553594095727,213.61453661702839
1932,208.04718213345279,213.8518591621424
1933,211.94287348401673,213.38535233106268
1934,202.996494244697,213.28840715659655
1935,202.58433139181608,213.16788555088627
1936,183.59172194832425,212.82140565133929
1937,202.63016801454569,212.72295929491062
1938,222.14393035750203,212.7998776098114
1939,189.67846805845954,212.63905327080508
1940,182.54321859416592,211.9982672710338
1941,173.29190938517303,211.88719752076432
1942,226.40683095148182,211.74113517342255
1943,243.62932494503377,212.12578199303115
1944,201.18869989377663,212.29056238119392
1945,217.49820077376131,212.6101571154116
1946,215.55574015648332,212.73934477080843
1947,190.63482693056153,212.61030908257644
1948,204.95756370419366,212.2525549586328
1949,249.46633841422926,212.31389132975616
1950,222.90818540743697,212.15741476418373
1951,222.18386595974209,212.56020941832858
1952,193.55949781993672,212.61381457176213
1953,232.7865619523335,213.05269824235131
1954,211.92417806468737,212.80071097027087
1955,205.26954455064285,212.83266169414378
1956,192.80082997614517,212.493036924009
1957,235.76938639451691,212.95927527662241
1958,200.64557225619143,212.40697902381038
1959,208.92834871138655,212.4791918870346
1960,195.3963662092076,212.53673679435309
1961,212.33905934564933,212.46411905855155
1962,246.1528604552353,212.44161021007002
1963,206.89518824768911,212.46914763738579
1964,228.83563030143631,212.28710564179582
1965,251.50658876153477,212.87260469315524
1966,243.09666164029071,213.44343947467146
1967,211.14532223290908,213.1243540675695
1968,237.75280505052595,213.29735160907308
1969,216.9839221337221,213.29044187840506
1970,173.93860482166176,212.78507164454899
1971,240.34911335380062,213.2631367476119
1972,224.93812576581269,213.31780705891629
1973,169.0942354634787,213.1724719408725
1974,216.67016956094102,213.06558979749644
1975,219.42585395458627,212.84269404473838
1976,212.14029784520704,212.5920264349831
1977,194.28144828979373,212.22969728452279
1978,222.00595034249508,212.36887921075763
1979,219.44987850511049,212.22567799082856
1980,246.9443846814477,212.63665166723001
1981,225.57961764039928,212.58974673584808
1982,227.25156735900563,213.02418793425954
1983,236.28715487786428,213.30687473838793
1984,195.38599821861541,212.78984720688979
1985,228.29707557733354,212.94506222638259
1986,229.28252373090956,213.49072545856606
1987,215.03391593884709,213.77557600126264
1988,235.47031583790584,213.61136675909381
1989,189.03303231010693,213.67111912998968
1990,199.92887845497845,213.64018582228252
1991,209.1742278909266,213.96514208357951
1992,181.15688140766571,213.58095399625992
1993,205.88905822257632,213.27903560046275
1994,242.18352352055783,213.63378903294389
1995,215.29179289211243,213.78067628805212
1996,195.75782774238834,213.58213581590428
1997,213.34900808633404,213.72916646926143
1998,236.14346083195551,214.15663475032267
1999,233.45767451282063,214.39024681787211
